{"cameraMode":{"drawMode":0,"name":"Shaded","section":"Shading Mode"},"sceneLighting":false,"audioPlay":false,"sceneViewState":{"m_AlwaysRefresh":false,"showFog":true,"showSkybox":false,"showFlares":true,"showImageEffects":true,"showParticleSystems":true,"showVisualEffectGraphs":true,"m_FxEnabled":true},"in2DMode":false,"pivot":{"x":-6.2270002365112309,"y":4.802000045776367,"z":0.023000000044703485},"rotation":{"x":0.04804591089487076,"y":0.10052283853292465,"z":-0.00488183693960309,"w":0.9938005208969116},"size":0.8660253882408142,"orthographic":false}