{"cameraMode":{"drawMode":0,"name":"Shaded","section":"Shading Mode"},"sceneLighting":false,"audioPlay":false,"sceneViewState":{"m_AlwaysRefresh":false,"showFog":true,"showSkybox":false,"showFlares":true,"showImageEffects":true,"showParticleSystems":true,"showVisualEffectGraphs":true,"m_FxEnabled":true},"in2DMode":false,"pivot":{"x":-0.7261199951171875,"y":0.12021765857934952,"z":23.771148681640626},"rotation":{"x":-0.002688351785764098,"y":-0.026689549908041955,"z":-0.00009276627679355443,"w":0.9996780753135681},"size":12.543416976928711,"orthographic":false}